INSERT INTO auth_user([email],[enabled],[first_name],[last_name],[password],[role]) VALUES('eget.volutpat@faucibusMorbivehicula.net','0','Finn','Jensen','P.O. Box 584, 8531 Dignissim. Ave','SR'),('risus@quismassa.com','1','Kenneth','Mcclain','Ap #289-4255 Duis Road','SR'),('urna.suscipit@tristique.edu','0','Graham','Baird','8107 Cum Avenue','Admin'),('Donec.sollicitudin.adipiscing@turpis.co.uk','0','Justin','Velez','P.O. Box 159, 2211 In St.','Admin'),('nunc@facilisismagna.net','0','Lamar','Walker','Ap #994-1085 Nam Avenue','SR'),('Praesent.eu@Pellentesqueutipsum.co.uk','1','Neville','Workman','8697 Ornare Avenue','SR'),('per.conubia@vulputate.co.uk','0','Evan','Baker','P.O. Box 181, 5290 Mi Street','Admin'),('ut@Classaptenttaciti.org','0','Raymond','Joseph','P.O. Box 797, 7077 Ac Road','Admin'),('arcu@ametdapibusid.com','1','Kato','House','4722 Ac, Avenue','SR'),('magna@temporest.ca','1','Reed','Mcpherson','8970 Aliquam Av.','SR'),('accumsan.convallis.ante@ametmassaQuisque.edu','1','Colt','Ayala','201-4887 In Av.','Admin'),('Aenean@utdolor.org','0','Chester','Hendricks','4557 Pede St.','Admin'),('mauris.sit@Suspendissealiquetsem.co.uk','0','Hedley','Faulkner','407-1503 Elit, Rd.','SR'),('nibh.dolor@luctus.com','0','Tad','Ramos','P.O. Box 882, 5689 Vehicula. Avenue','SR'),('vitae.sodales.at@lobortis.ca','1','Conan','Lambert','3354 Phasellus Avenue','Admin'),('scelerisque.sed@faucibus.co.uk','1','Zephania','Riggs','Ap #598-3160 Vivamus Avenue','Admin'),('dolor.egestas@Sed.co.uk','1','Asher','Owens','P.O. Box 527, 4771 Et Rd.','SR'),('amet.consectetuer.adipiscing@quamPellentesquehabitant.net','0','Igor','Miles','Ap #485-913 Integer Rd.','SR'),('nec@dolortempusnon.net','0','Guy','Lambert','P.O. Box 967, 6644 In, Avenue','Admin'),('amet@imperdietullamcorper.net','1','Steel','Lowery','552-944 Ultrices Road','Admin'),('ut@sitamet.net','1','Brady','Fitzgerald','Ap #502-5609 Mauris Rd.','SR'),('ac.fermentum@estNuncullamcorper.ca','1','Finn','Thornton','1200 Phasellus Street','SR'),('ridiculus@duiFusce.net','1','Brian','Frost','449-146 Interdum. Av.','Admin'),('dolor@enimnislelementum.co.uk','1','Erich','Everett','Ap #676-4587 A, St.','Admin'),('cursus.Integer.mollis@eget.edu','0','Wade','Castaneda','3156 Netus Rd.','SR'),('Nam.ligula@Nullam.com','1','Lane','Mcclure','Ap #591-1632 Scelerisque Rd.','SR'),('urna.Nullam@acfeugiatnon.com','1','Hamilton','Gibson','Ap #702-2488 Aliquam Road','Admin'),('Ut.semper@maurisidsapien.co.uk','1','Brady','Ashley','626-8009 Dignissim Ave','Admin'),('auctor.velit.Aliquam@Duis.org','1','Connor','Haynes','957-9706 Scelerisque Av.','SR'),('cursus.luctus.ipsum@pedeCrasvulputate.org','0','Michael','Richard','P.O. Box 368, 3032 Nunc Street','SR'),('in@quis.edu','0','Steel','Foster','2905 Donec Rd.','Admin'),('eu.nulla@tinciduntadipiscingMauris.net','1','August','Cline','1672 Sapien. St.','Admin'),('placerat@lobortis.org','0','Prescott','Smith','112-7758 Facilisi. Avenue','SR'),('Fusce@nisi.org','1','Elmo','Robbins','Ap #717-4616 Feugiat. Rd.','SR'),('odio.Aliquam@etultricesposuere.co.uk','1','Charles','Cantu','Ap #236-3813 Nonummy Rd.','Admin'),('Donec@sed.ca','0','Brendan','Miller','P.O. Box 791, 2577 Sed St.','Admin'),('ornare.egestas@ligulaeu.ca','0','Brody','Woodward','380-6986 Sollicitudin Ave','SR'),('tellus.lorem@vulputatelacus.org','0','Edan','Mathis','P.O. Box 820, 2454 Elit, Street','SR'),('vitae.orci@dictum.ca','1','Kenyon','Martin','Ap #413-8941 Duis Rd.','Admin'),('aliquet@Naminterdum.edu','0','Wallace','Hurley','8339 Eu Rd.','Admin'),('risus.Quisque.libero@eu.net','0','Bert','Moody','P.O. Box 351, 2038 Sodales Avenue','SR'),('facilisis@aliquetsem.edu','1','Porter','Noel','Ap #399-6129 Et St.','SR'),('ut.eros.non@ornarefacilisis.ca','1','Kenyon','Lindsey','P.O. Box 382, 5913 Ornare Avenue','Admin'),('lacus.vestibulum@Donecluctus.co.uk','1','Myles','Williams','7476 Ornare, St.','Admin'),('molestie.pharetra.nibh@metusAenean.edu','1','Aladdin','Horton','P.O. Box 535, 4052 Pede Rd.','SR'),('Nullam.velit@turpisnec.ca','0','Walter','Rocha','627-3169 Nisi Rd.','SR'),('sem.magna.nec@atiaculis.edu','1','Brendan','Hardy','Ap #520-9610 Dui, Avenue','Admin'),('egestas@velit.ca','0','Harding','Combs','3657 A St.','Admin'),('purus@Aeneanmassa.net','0','Plato','Clay','Ap #888-6822 Nunc Rd.','SR'),('metus.Vivamus@vitaerisusDuis.co.uk','0','Wade','Stevens','7226 Consectetuer Road','SR'),('posuere@liberoettristique.org','0','Dalton','Ray','P.O. Box 639, 3874 Taciti Rd.','Admin'),('Duis.risus@etlibero.edu','0','Abraham','Humphrey','6672 Amet, Road','Admin'),('nunc.interdum@consequatpurusMaecenas.ca','0','Darius','Campbell','9695 Imperdiet Av.','SR'),('rutrum@liberoProinsed.edu','0','Mohammad','Dickson','6868 Tincidunt, Rd.','SR'),('lectus@Cras.edu','1','Jeremy','Avila','8149 Ultrices St.','Admin'),('Lorem@lacusQuisque.net','0','Axel','Bryan','P.O. Box 789, 5227 Sollicitudin Ave','Admin'),('egestas.nunc@Phaselluselitpede.net','1','Harrison','Pierce','797-1175 Blandit Rd.','SR'),('Pellentesque@odioPhasellusat.org','1','Reed','Howard','2790 Ridiculus Rd.','SR'),('Quisque.varius.Nam@Duis.net','1','Orson','Benton','526-8216 Semper Rd.','Admin'),('pede@Vivamus.net','0','Edward','Battle','P.O. Box 254, 5480 Placerat. St.','Admin'),('facilisis@gravida.ca','0','Salvador','Wallace','195-2369 Eget Rd.','SR'),('nunc.ac.mattis@magna.net','0','Lars','Hendricks','Ap #540-2316 Egestas, Avenue','SR'),('dolor.Donec@egetmagna.org','0','Vladimir','Fuentes','6009 Sit Ave','Admin'),('enim@interdumSedauctor.org','1','Malcolm','Bullock','P.O. Box 530, 7200 Natoque Rd.','Admin'),('nunc.In.at@laoreet.co.uk','1','Ulysses','King','951-7076 Egestas. Rd.','SR'),('ac.fermentum@nectempusscelerisque.com','0','Keegan','Valdez','610-2312 Bibendum Road','SR'),('senectus@felisNulla.co.uk','0','Laith','Schmidt','P.O. Box 969, 7543 Luctus Rd.','Admin'),('elit@elitpede.com','1','Vernon','Hudson','2486 Nec Ave','Admin'),('egestas.hendrerit.neque@Curae.com','0','Paki','Spence','P.O. Box 470, 4194 Imperdiet Avenue','SR'),('eu.ultrices.sit@nunc.co.uk','0','Kasimir','Hampton','2110 Sapien Rd.','SR'),('lorem@massaQuisqueporttitor.com','0','Stone','Pickett','9565 Natoque Road','Admin'),('et.malesuada@Vivamusnonlorem.net','1','Finn','Graham','801-887 Metus. Road','Admin'),('penatibus@perinceptoshymenaeos.net','1','Rudyard','Wynn','9122 Ornare, Rd.','SR'),('Mauris.nulla.Integer@acfeugiatnon.co.uk','0','Josiah','Anderson','460-4537 Sit Rd.','SR'),('tempus@mollisvitaeposuere.co.uk','1','Vincent','Finch','P.O. Box 496, 1810 Luctus Rd.','Admin'),('Suspendisse.commodo.tincidunt@sit.org','0','Price','Dyer','P.O. Box 880, 4508 Pellentesque St.','Admin'),('Phasellus.libero@ametultriciessem.com','1','Walker','Stokes','Ap #803-3231 Erat Rd.','SR'),('consequat.auctor.nunc@maurissit.edu','0','Keaton','Carver','485-7114 Lorem St.','SR'),('Etiam@rhoncusDonec.edu','0','Asher','Golden','5657 Nunc Rd.','Admin'),('lacus@Maurisvestibulum.net','0','Oscar','Preston','506-2114 Iaculis St.','Admin'),('sed.tortor.Integer@afelisullamcorper.edu','0','Lee','Patel','Ap #976-8717 Luctus, Rd.','SR'),('egestas.urna.justo@justoPraesent.net','0','Hashim','Tran','5970 Nunc Av.','SR'),('a.scelerisque@mauris.co.uk','0','Damian','Vega','Ap #377-1754 Felis. Rd.','Admin'),('lorem.ac.risus@dictumProin.net','1','Kelly','Prince','Ap #494-7218 Turpis St.','Admin'),('dictum.mi@mi.com','1','Theodore','Guerrero','5068 Aptent Rd.','SR'),('orci.Ut.sagittis@adipiscinglobortis.ca','1','Ahmed','Gross','Ap #396-9806 Consectetuer Road','SR'),('Morbi.metus@Suspendisse.net','1','Hamish','Henderson','7901 Etiam Street','Admin'),('at.velit.Cras@Vivamus.net','0','Jelani','Campos','P.O. Box 113, 3484 Auctor Ave','Admin'),('odio.sagittis.semper@CuraePhasellusornare.com','1','Raphael','Grimes','Ap #357-9303 Dui Street','SR'),('non.magna@et.com','1','Garrett','Adkins','4171 Enim Street','SR'),('lobortis@arcuVivamussit.net','0','Guy','Mcconnell','161-9263 Magnis Rd.','Admin'),('eget.dictum.placerat@seddictumeleifend.edu','1','Hu','Gallegos','1566 Urna Rd.','Admin'),('massa@Donec.co.uk','0','Bevis','Drake','P.O. Box 488, 9432 In Rd.','SR'),('quis.tristique.ac@iaculisnec.co.uk','0','Kasimir','Jennings','P.O. Box 238, 3712 Tincidunt Av.','SR'),('Nunc@arcuNuncmauris.net','0','Charles','Bolton','Ap #678-2447 Dictum Avenue','Admin'),('et@ultrices.net','0','James','Jordan','1772 Dui St.','Admin'),('Ut.tincidunt.vehicula@morbitristiquesenectus.net','1','Herman','Mcfadden','P.O. Box 256, 6730 Felis. Av.','SR'),('nibh@nectellus.org','1','Gray','Lambert','P.O. Box 838, 6566 Facilisis St.','SR'),('libero.lacus.varius@arcueu.co.uk','1','Brennan','Britt','514-7407 Erat Rd.','Admin'),('Fusce.fermentum@orciconsectetuereuismod.edu','0','Graham','Key','Ap #385-9681 Est Avenue','Admin');

INSERT INTO client([email],[phone],[first_name],[last_name],[address],[city],[country]) VALUES('imperdiet@Sednullaante.net','(0877) 33097484','Dale','Harmon','Ap #115-4249 Malesuada. Ave','Sloten','Montenegro'),('ultrices@Maecenasiaculis.edu','(039) 42552402','Dillon','Humphrey','Ap #391-4729 Luctus Road','Geertruidenberg','Eritrea'),('augue.malesuada@volutpatNulla.co.uk','(0407) 60428957','Keefe','Goodwin','443-3415 Ultrices. Road','Picture Butte','Qatar'),('tincidunt@massa.net','(047) 15185299','Stone','Lopez','543-8642 Vel Avenue','Boncelles','Maldives'),('ipsum@gravidaPraesenteu.edu','(034301) 843005','Cyrus','Hammond','Ap #346-6029 Arcu. Road','Frascati','Nepal'),('placerat@augueut.net','(081) 26108619','Emerson','Clayton','619-3167 Nam Road','Codigoro','Namibia'),('Vivamus.sit@vitae.co.uk','(07964) 2452766','Jerome','Best','422-1990 Aliquet. St.','Bowling Green','United States'),('Curae@dignissim.ca','(029) 27420946','Leroy','Beasley','501-1903 Elit, Rd.','San Francisco','South Georgia and The South Sandwich Islands'),('metus.Aliquam.erat@nonummyut.ca','(035717) 570767','Aladdin','Barber','Ap #586-906 Aliquam St.','Cañas','Yemen'),('Donec.vitae.erat@ut.net','(031493) 866577','Fitzgerald','Santana','4353 Aliquam Av.','Stendal','Libya'),('justo@etrutrum.edu','(05388) 6161495','David','Frederick','P.O. Box 667, 1960 Vulputate St.','Flin Flon','Congo (Brazzaville)'),('dapibus.ligula@purus.co.uk','(00753) 2265330','Brendan','Sparks','193-4465 Vel St.','Orange','Israel'),('tellus.imperdiet.non@sed.co.uk','(0793) 81881463','Guy','Graves','Ap #166-6965 Tincidunt St.','Caprino Bergamasco','Canada'),('Integer@dolornonummy.co.uk','(0001) 20421088','Cain','Mills','714-4568 Molestie Road','Houthalen-Helchteren','Luxembourg'),('nec@musProin.co.uk','(019) 73189391','Samuel','Cain','Ap #864-246 Maecenas Rd.','Ligosullo','Sint Maarten'),('nisi.a@orciPhasellusdapibus.org','(036886) 230774','Ali','Guerrero','P.O. Box 925, 8037 Consectetuer St.','San Pedro','Saint Vincent and The Grenadines'),('ut.sem@ategestasa.org','(03585) 0797364','Prescott','Dickson','2310 Sagittis St.','St. Andrä','Mali'),('ipsum.primis@Duis.ca','(046) 65060553','Griffin','Charles','381-7463 Felis Ave','Abbeville','Puerto Rico'),('dignissim@a.ca','(032022) 278866','Ryan','Park','Ap #398-3437 Urna Road','Cabano','Saint Vincent and The Grenadines'),('pede.sagittis@commodoatlibero.com','(034117) 793499','Carson','Beasley','3043 Cursus Avenue','Pedro Aguirre Cerda','Jersey'),('sed.leo@purusin.co.uk','(004) 67197438','Orson','Whitney','Ap #248-301 Enim. Rd.','Sherani','Myanmar'),('penatibus.et@Maecenasornare.co.uk','(036996) 583886','Josiah','Flynn','Ap #582-6128 Eu Ave','Recogne','Cyprus'),('Fusce.mollis@sodales.com','(0487) 17758187','Xanthus','Nicholson','6885 Eu Street','Aschaffenburg','Comoros'),('Proin.mi.Aliquam@aliquet.com','(032934) 314322','Galvin','Delacruz','P.O. Box 162, 2783 Montes, Ave','Williams Lake','Papua New Guinea'),('Nunc.sed.orci@sapien.edu','(034888) 843071','Asher','Reid','6498 Curabitur Avenue','Etobicoke','Kazakhstan'),('sit.amet.nulla@eratsemperrutrum.com','(035853) 403099','Walter','Mcpherson','Ap #615-4900 Cursus Rd.','Hagen','Albania'),('tellus@Seddiam.edu','(030) 72170938','Brenden','Lester','P.O. Box 389, 7177 Vel St.','Polcenigo','Ghana'),('Suspendisse.ac.metus@velconvallisin.com','(01655) 1396204','Calvin','Odom','P.O. Box 381, 4163 Elit. Av.','Stratford','Svalbard and Jan Mayen Islands'),('ut.dolor.dapibus@iaculis.edu','(056) 84032729','Alexander','Porter','P.O. Box 810, 5543 Sit St.','Meerhout','Guadeloupe'),('Cras@estNunc.co.uk','(0341) 74927485','Xavier','Olson','112-6206 Pellentesque Road','Joué-lès-Tours','Barbados'),('risus@duiin.edu','(0959) 37711861','Gregory','Michael','P.O. Box 850, 4457 Nisi. Ave','Nogales','Azerbaijan'),('lacus@variusNamporttitor.org','(092) 39781802','Nolan','Vazquez','P.O. Box 112, 5493 Duis St.','Davangere','Madagascar'),('lorem.fringilla@Sednullaante.com','(07303) 4024164','Scott','Wheeler','P.O. Box 887, 3640 Ornare, Avenue','Vottem','Tuvalu'),('Mauris@antebibendumullamcorper.ca','(05976) 6073475','Boris','Ingram','4452 Nec Road','Aylesbury','Mauritania'),('felis@maurisblanditmattis.ca','(072) 66278218','Richard','Montgomery','5854 Magna Ave','Orsara di Puglia','Slovenia'),('nunc@mattisIntegereu.co.uk','(038043) 945123','Fitzgerald','Chan','8055 Nec St.','Gagliano del Capo','Rwanda'),('ante.Maecenas.mi@nibhlacinia.co.uk','(007) 33556607','Hamish','Shepherd','334-8985 Molestie. Rd.','Envigado','Viet Nam'),('ullamcorper@posuere.co.uk','(08924) 8105566','Xander','Browning','565-4495 At Rd.','Siegendorf','Cameroon'),('malesuada.fringilla@Innec.ca','(07413) 2094234','Raja','Steele','Ap #910-6199 Augue Rd.','Warminster','Svalbard and Jan Mayen Islands'),('tortor.Integer@tellus.edu','(0382) 89468099','Malcolm','Donovan','P.O. Box 434, 8659 Maecenas Rd.','Campitello di Fassa','Maldives'),('semper@molestie.ca','(01974) 0391062','Eric','Mckinney','580-6029 Vulputate, Avenue','Karachi','Romania'),('Vivamus.non.lorem@Aliquamauctor.org','(0352) 85694834','Prescott','Garner','P.O. Box 833, 3820 Ac Avenue','Wechelderzande','Marshall Islands'),('turpis@Crasloremlorem.ca','(03892) 4234223','Hedley','Gallagher','Ap #226-944 Nulla Street','Arzano','Oman'),('tellus@nascetur.net','(02629) 3807394','Denton','Casey','3871 Mattis St.','LaSalle','Malaysia'),('elit.sed@imperdiet.net','(0102) 58265324','Igor','Tyler','1729 Cursus Ave','Haarlem','Sri Lanka'),('dolor.Quisque.tincidunt@facilisisloremtristique.org','(032527) 754676','Stephen','Mcmillan','559-9241 Risus. Avenue','Newark','Spain'),('Curabitur@ultrices.com','(0794) 31719370','Henry','Mcleod','P.O. Box 166, 8474 Maecenas Av.','Ghlin','Svalbard and Jan Mayen Islands'),('nec.mauris@vestibulumneceuismod.com','(081) 15718804','Kasimir','Juarez','P.O. Box 973, 1013 Gravida Av.','Bari','Montserrat'),('luctus.Curabitur@tristiqueac.co.uk','(000) 38404600','Lionel','Underwood','308-5558 Sit Street','Corvino San Quirico','Myanmar'),('Maecenas@neque.org','(035914) 588780','Cairo','Callahan','7625 Sed, Street','Kakinada','American Samoa'),('dolor@ornaretortorat.org','(085) 88612670','Arden','Gonzalez','P.O. Box 622, 3624 Ut St.','Codó','Finland'),('Nunc.ullamcorper@fringilla.com','(0115) 54709479','Porter','Davidson','Ap #475-3191 Montes, Road','Caloundra','Morocco'),('mollis@auctorvelit.org','(0650) 28409577','Carl','Clarke','P.O. Box 921, 1469 A, St.','Auburn','Denmark'),('Proin@felis.co.uk','(03277) 7864302','Brandon','Mcmillan','681-9102 Aliquet Rd.','Mesa','Bolivia'),('eros.Nam.consequat@magnaPhasellusdolor.co.uk','(0286) 20513612','Lewis','Mcknight','P.O. Box 214, 2335 Class Avenue','Hualañé','Jersey'),('Quisque.nonummy.ipsum@aliquetmolestietellus.com','(04690) 2464527','Dominic','Miranda','Ap #676-6387 Sed Rd.','Vertou','Puerto Rico'),('molestie.tellus.Aenean@molestietortor.co.uk','(061) 15238010','Kelly','Floyd','187-810 Mauris Ave','Dera Ismail Khan','Eritrea'),('nec@placeratvelit.net','(0868) 99391059','Vladimir','Callahan','673-8275 Id Rd.','Grand Rapids','French Polynesia'),('nulla@tempusscelerisquelorem.co.uk','(01657) 1079900','Raphael','Shaw','P.O. Box 483, 7515 Dictum. Ave','Whyalla','Nicaragua'),('elit@euismod.org','(070) 37395129','Arthur','Stephenson','7113 Nonummy Av.','Ichalkaranji','Panama'),('est.Nunc.laoreet@atlacus.edu','(094) 08025498','Stone','Whitaker','Ap #454-6656 Sed, Ave','Requínoa','Poland'),('sem.molestie.sodales@lacus.com','(0324) 69711672','Gary','Montoya','Ap #660-345 Elit Road','Camrose','Pitcairn Islands'),('fringilla.ornare@Maecenas.net','(049) 71047433','David','Klein','P.O. Box 411, 3472 Felis Av.','Cache Creek','Congo, the Democratic Republic of the'),('lacinia@DonecegestasDuis.net','(004) 66999054','Keaton','Diaz','Ap #720-9538 Convallis St.','Griesheim','Nauru'),('placerat.eget.venenatis@Pellentesque.com','(02004) 2001953','Stephen','Mckinney','Ap #610-4380 Sed Rd.','Fort Simpson','Korea, South'),('aliquam@urna.net','(031706) 397595','Emmanuel','Dunn','Ap #236-1275 Curabitur St.','Cametá','Honduras'),('semper.egestas.urna@etnetuset.net','(08146) 4611927','Armand','Randolph','6610 Aenean Ave','Novosibirsk','Trinidad and Tobago'),('faucibus.Morbi.vehicula@sitamet.ca','(0029) 38177231','Lane','Guthrie','287-3463 Nullam Rd.','Cercemaggiore','New Caledonia'),('nunc.risus@euismodurna.co.uk','(01357) 0332693','Stuart','Kline','909-6633 Feugiat Rd.','Bandırma','Venezuela'),('Phasellus.ornare.Fusce@posuere.edu','(032063) 813260','Dorian','Rutledge','6814 Sagittis Road','Bludenz','Thailand'),('vel@Proinvelit.edu','(094) 68590762','Travis','Randall','Ap #209-3282 Vitae, Rd.','Mont-Sainte-Genevive','Malta'),('sed.orci.lobortis@ametorciUt.ca','(091) 41077667','Slade','Rivera','Ap #736-7955 Interdum. Road','Torchiarolo','Iraq'),('Curabitur.consequat.lectus@elitelit.edu','(035804) 542945','Galvin','Holmes','P.O. Box 994, 7010 Vestibulum Street','Mainz','Timor-Leste'),('augue.malesuada@nostraper.edu','(04925) 5317454','Ivor','Ramsey','7680 Id, Road','Forbach','Germany'),('pede@lacusvarius.ca','(00249) 1414253','Elliott','Glover','3682 Neque Avenue','Pulderbos','Tonga'),('nisi.Aenean.eget@amifringilla.ca','(095) 44905770','Chandler','Compton','Ap #676-4358 Vestibulum. Av.','Glossop','Turks and Caicos Islands'),('amet@Integeraliquam.net','(04776) 2943224','Reuben','Mccullough','Ap #621-186 Malesuada St.','Logan City','Gabon'),('ipsum.Phasellus@cursusaenim.com','(02223) 3347433','Kane','Oliver','Ap #516-3989 Lorem Street','Ponti','Central African Republic'),('ullamcorper@dictummagnaUt.ca','(032198) 044415','Anthony','Estes','P.O. Box 701, 8810 Dictum Avenue','Wetzlar','Somalia'),('ornare@urnaetarcu.org','(0278) 17285762','Dante','Moss','Ap #410-2997 Cursus. St.','Lachine','Heard Island and Mcdonald Islands'),('Donec@laciniaorci.com','(02254) 7035200','Colt','Levy','Ap #271-5466 Erat Avenue','Ponsacco','Central African Republic'),('pellentesque.massa@laciniavitae.org','(0530) 81229961','Brenden','Henson','Ap #762-4517 Sit Street','Bondo','Saint Helena, Ascension and Tristan da Cunha'),('luctus.sit@laciniaat.co.uk','(037148) 682196','Hamilton','Garza','P.O. Box 903, 6515 Euismod Avenue','Staraya Kupavna','Anguilla'),('a@ullamcorperDuiscursus.co.uk','(090) 78443722','Damon','Prince','P.O. Box 486, 9511 Posuere St.','Silius','Pitcairn Islands'),('congue@condimentumDonecat.net','(065) 39055804','Alvin','Fitzpatrick','957-6839 Ultricies Rd.','Arbre','Saudi Arabia'),('Cras.convallis.convallis@ornarelectus.edu','(000) 49329313','Martin','Holder','Ap #736-1400 Cubilia Ave','Wetaskiwin','El Salvador'),('dolor.elit.pellentesque@euismod.edu','(0840) 94590725','Lee','Mullins','P.O. Box 957, 3160 Sed St.','Notre-Dame-de-la-Salette','Guatemala'),('nulla.magna.malesuada@a.com','(0731) 98715931','Caesar','Santos','P.O. Box 569, 6907 Cras Street','Primavera','Spain'),('dictum@a.org','(083) 34381059','Octavius','Combs','Ap #261-1743 Dictum Rd.','Palembang','Philippines'),('elit.Etiam@nisl.net','(035192) 013554','Vladimir','Clark','Ap #519-4634 Vestibulum Street','Boise','Curaçao'),('auctor@fermentumrisus.ca','(037733) 624547','Marsden','Whitfield','Ap #501-5845 Consequat Rd.','Gembloux','United States'),('congue.a.aliquet@rutrum.edu','(0343) 61742200','Luke','Ford','Ap #248-9323 Eu, St.','Emmen','Mali'),('ut.quam.vel@enim.ca','(09997) 0166265','Price','Fuller','Ap #449-1088 Turpis St.','Itajaí','Suriname'),('aliquam@nulla.edu','(037923) 276903','Emery','Bowman','P.O. Box 594, 842 Sed St.','Bekasi','Afghanistan'),('amet.dapibus.id@Aliquamultricesiaculis.org','(0106) 97384237','Nehru','Cameron','Ap #176-4857 Ipsum Rd.','Aachen','Belarus'),('Pellentesque.ut.ipsum@risus.org','(05314) 5919301','Benjamin','Spears','P.O. Box 700, 9697 Ullamcorper Av.','Stalowa Wola','Botswana'),('lobortis@egettincidunt.edu','(084) 85467680','Lee','Orr','P.O. Box 745, 6824 Convallis Avenue','Dubuisson','Iraq'),('ridiculus@nequesed.net','(07790) 9050562','Lamar','Boone','981-3106 Non Rd.','Benalla','Palau'),('sem@risusvariusorci.org','(049) 55933592','Kadeem','Kennedy','P.O. Box 215, 9107 Et, Avenue','Brussegem','Qatar'),('ipsum@et.org','(02324) 8868081','Hu','Oconnor','Ap #127-5705 Arcu. Rd.','Pietrasanta','Belgium');

INSERT INTO image([url]) VALUES('https://ardes.bg/uploads/original/acer-predator-21-x-164274.jpg'),('https://ardes.bg/uploads/original/acer-predator-21-x-164274.jpg'),('https://ardes.bg/uploads/original/acer-predator-21-x-164274.jpg'),('https://static.bhphoto.com/images/images2500x2500/1592419531_1566741.jpg'),('https://static.bhphoto.com/images/images2500x2500/1592419531_1566741.jpg'),('https://static.bhphoto.com/images/images2500x2500/1592419531_1566741.jpg'),('https://laptop1.eu/wp-content/uploads/2019/08/90NR01L3-M00640.jpg'),('https://laptop1.eu/wp-content/uploads/2019/08/90NR01L3-M00640.jpg'),('https://laptop1.eu/wp-content/uploads/2019/08/90NR01L3-M00640.jpg'),('https://ardes.bg/uploads/original/acer-predator-21-x-164274.jpg'),('https://ardes.bg/uploads/original/acer-predator-21-x-164274.jpg'),('https://ardes.bg/uploads/original/acer-predator-21-x-164274.jpg'),('https://static.bhphoto.com/images/images2500x2500/1592419531_1566741.jpg'),('https://static.bhphoto.com/images/images2500x2500/1592419531_1566741.jpg'),('https://static.bhphoto.com/images/images2500x2500/1592419531_1566741.jpg'),('https://laptop1.eu/wp-content/uploads/2019/08/90NR01L3-M00640.jpg'),('https://laptop1.eu/wp-content/uploads/2019/08/90NR01L3-M00640.jpg'),('https://laptop1.eu/wp-content/uploads/2019/08/90NR01L3-M00640.jpg'),('https://ardes.bg/uploads/original/acer-predator-21-x-164274.jpg'),('https://ardes.bg/uploads/original/acer-predator-21-x-164274.jpg'),('https://ardes.bg/uploads/original/acer-predator-21-x-164274.jpg'),('https://static.bhphoto.com/images/images2500x2500/1592419531_1566741.jpg'),('https://static.bhphoto.com/images/images2500x2500/1592419531_1566741.jpg'),('https://static.bhphoto.com/images/images2500x2500/1592419531_1566741.jpg'),('https://laptop1.eu/wp-content/uploads/2019/08/90NR01L3-M00640.jpg'),('https://laptop1.eu/wp-content/uploads/2019/08/90NR01L3-M00640.jpg'),('https://laptop1.eu/wp-content/uploads/2019/08/90NR01L3-M00640.jpg'),('https://ardes.bg/uploads/original/acer-predator-21-x-164274.jpg'),('https://ardes.bg/uploads/original/acer-predator-21-x-164274.jpg'),('https://ardes.bg/uploads/original/acer-predator-21-x-164274.jpg'),('https://static.bhphoto.com/images/images2500x2500/1592419531_1566741.jpg'),('https://static.bhphoto.com/images/images2500x2500/1592419531_1566741.jpg'),('https://static.bhphoto.com/images/images2500x2500/1592419531_1566741.jpg'),('https://laptop1.eu/wp-content/uploads/2019/08/90NR01L3-M00640.jpg'),('https://laptop1.eu/wp-content/uploads/2019/08/90NR01L3-M00640.jpg'),('https://laptop1.eu/wp-content/uploads/2019/08/90NR01L3-M00640.jpg'),('https://ardes.bg/uploads/original/acer-predator-21-x-164274.jpg'),('https://ardes.bg/uploads/original/acer-predator-21-x-164274.jpg'),('https://ardes.bg/uploads/original/acer-predator-21-x-164274.jpg'),('https://static.bhphoto.com/images/images2500x2500/1592419531_1566741.jpg'),('https://static.bhphoto.com/images/images2500x2500/1592419531_1566741.jpg'),('https://static.bhphoto.com/images/images2500x2500/1592419531_1566741.jpg'),('https://laptop1.eu/wp-content/uploads/2019/08/90NR01L3-M00640.jpg'),('https://laptop1.eu/wp-content/uploads/2019/08/90NR01L3-M00640.jpg'),('https://laptop1.eu/wp-content/uploads/2019/08/90NR01L3-M00640.jpg'),('https://ardes.bg/uploads/original/acer-predator-21-x-164274.jpg'),('https://ardes.bg/uploads/original/acer-predator-21-x-164274.jpg'),('https://ardes.bg/uploads/original/acer-predator-21-x-164274.jpg'),('https://static.bhphoto.com/images/images2500x2500/1592419531_1566741.jpg'),('https://static.bhphoto.com/images/images2500x2500/1592419531_1566741.jpg'),('https://static.bhphoto.com/images/images2500x2500/1592419531_1566741.jpg'),('https://laptop1.eu/wp-content/uploads/2019/08/90NR01L3-M00640.jpg'),('https://laptop1.eu/wp-content/uploads/2019/08/90NR01L3-M00640.jpg'),('https://laptop1.eu/wp-content/uploads/2019/08/90NR01L3-M00640.jpg'),('https://ardes.bg/uploads/original/acer-predator-21-x-164274.jpg'),('https://ardes.bg/uploads/original/acer-predator-21-x-164274.jpg'),('https://ardes.bg/uploads/original/acer-predator-21-x-164274.jpg'),('https://static.bhphoto.com/images/images2500x2500/1592419531_1566741.jpg'),('https://static.bhphoto.com/images/images2500x2500/1592419531_1566741.jpg'),('https://static.bhphoto.com/images/images2500x2500/1592419531_1566741.jpg'),('https://laptop1.eu/wp-content/uploads/2019/08/90NR01L3-M00640.jpg'),('https://laptop1.eu/wp-content/uploads/2019/08/90NR01L3-M00640.jpg'),('https://laptop1.eu/wp-content/uploads/2019/08/90NR01L3-M00640.jpg'),('https://ardes.bg/uploads/original/acer-predator-21-x-164274.jpg'),('https://ardes.bg/uploads/original/acer-predator-21-x-164274.jpg'),('https://ardes.bg/uploads/original/acer-predator-21-x-164274.jpg'),('https://static.bhphoto.com/images/images2500x2500/1592419531_1566741.jpg'),('https://static.bhphoto.com/images/images2500x2500/1592419531_1566741.jpg'),('https://static.bhphoto.com/images/images2500x2500/1592419531_1566741.jpg'),('https://laptop1.eu/wp-content/uploads/2019/08/90NR01L3-M00640.jpg'),('https://laptop1.eu/wp-content/uploads/2019/08/90NR01L3-M00640.jpg'),('https://laptop1.eu/wp-content/uploads/2019/08/90NR01L3-M00640.jpg'),('https://ardes.bg/uploads/original/acer-predator-21-x-164274.jpg'),('https://ardes.bg/uploads/original/acer-predator-21-x-164274.jpg'),('https://ardes.bg/uploads/original/acer-predator-21-x-164274.jpg'),('https://static.bhphoto.com/images/images2500x2500/1592419531_1566741.jpg'),('https://static.bhphoto.com/images/images2500x2500/1592419531_1566741.jpg'),('https://static.bhphoto.com/images/images2500x2500/1592419531_1566741.jpg'),('https://laptop1.eu/wp-content/uploads/2019/08/90NR01L3-M00640.jpg'),('https://laptop1.eu/wp-content/uploads/2019/08/90NR01L3-M00640.jpg'),('https://laptop1.eu/wp-content/uploads/2019/08/90NR01L3-M00640.jpg'),('https://ardes.bg/uploads/original/acer-predator-21-x-164274.jpg'),('https://ardes.bg/uploads/original/acer-predator-21-x-164274.jpg'),('https://ardes.bg/uploads/original/acer-predator-21-x-164274.jpg'),('https://static.bhphoto.com/images/images2500x2500/1592419531_1566741.jpg'),('https://static.bhphoto.com/images/images2500x2500/1592419531_1566741.jpg'),('https://static.bhphoto.com/images/images2500x2500/1592419531_1566741.jpg'),('https://laptop1.eu/wp-content/uploads/2019/08/90NR01L3-M00640.jpg'),('https://laptop1.eu/wp-content/uploads/2019/08/90NR01L3-M00640.jpg'),('https://laptop1.eu/wp-content/uploads/2019/08/90NR01L3-M00640.jpg'),('https://ardes.bg/uploads/original/acer-predator-21-x-164274.jpg'),('https://ardes.bg/uploads/original/acer-predator-21-x-164274.jpg'),('https://ardes.bg/uploads/original/acer-predator-21-x-164274.jpg'),('https://static.bhphoto.com/images/images2500x2500/1592419531_1566741.jpg'),('https://static.bhphoto.com/images/images2500x2500/1592419531_1566741.jpg'),('https://static.bhphoto.com/images/images2500x2500/1592419531_1566741.jpg'),('https://laptop1.eu/wp-content/uploads/2019/08/90NR01L3-M00640.jpg'),('https://laptop1.eu/wp-content/uploads/2019/08/90NR01L3-M00640.jpg'),('https://laptop1.eu/wp-content/uploads/2019/08/90NR01L3-M00640.jpg'),('https://ardes.bg/uploads/original/acer-predator-21-x-164274.jpg');

INSERT INTO ram([manufacturer],[memory],[name]) VALUES('ASUS',29,'ASUS - 29GB'),('ASUS',2,'ASUS - 2GB'),('ASUS',2,'ASUS - 2GB'),('ASUS',5,'ASUS - 5GB'),('ASUS',23,'ASUS - 23GB'),('ASUS',21,'ASUS - 21GB'),('ASUS',29,'ASUS - 29GB'),('ASUS',24,'ASUS - 24GB'),('ASUS',8,'ASUS - 8GB'),('ASUS',19,'ASUS - 19GB'),('MSI',25,'MSI - 25GB'),('MSI',12,'MSI - 12GB'),('MSI',7,'MSI - 7GB'),('MSI',9,'MSI - 9GB'),('MSI',6,'MSI - 6GB'),('MSI',20,'MSI - 20GB'),('MSI',14,'MSI - 14GB'),('MSI',25,'MSI - 25GB'),('MSI',16,'MSI - 16GB'),('MSI',12,'MSI - 12GB'),('ACER',19,'ACER - 19GB'),('ACER',31,'ACER - 31GB'),('ACER',22,'ACER - 22GB'),('ACER',29,'ACER - 29GB'),('ACER',21,'ACER - 21GB'),('ACER',25,'ACER - 25GB'),('ACER',19,'ACER - 19GB'),('ACER',20,'ACER - 20GB'),('ACER',2,'ACER - 2GB'),('ACER',9,'ACER - 9GB'),('DELL',13,'DELL - 13GB'),('DELL',27,'DELL - 27GB'),('DELL',19,'DELL - 19GB'),('DELL',31,'DELL - 31GB'),('DELL',27,'DELL - 27GB'),('DELL',10,'DELL - 10GB'),('DELL',9,'DELL - 9GB'),('DELL',13,'DELL - 13GB'),('DELL',11,'DELL - 11GB'),('DELL',11,'DELL - 11GB'),('Canyon',22,'Canyon - 22GB'),('Canyon',24,'Canyon - 24GB'),('Canyon',20,'Canyon - 20GB'),('Canyon',13,'Canyon - 13GB'),('Canyon',31,'Canyon - 31GB'),('Canyon',23,'Canyon - 23GB'),('Canyon',14,'Canyon - 14GB'),('Canyon',32,'Canyon - 32GB'),('Canyon',9,'Canyon - 9GB'),('Canyon',9,'Canyon - 9GB'),('ASUS',12,'ASUS - 12GB'),('ASUS',3,'ASUS - 3GB'),('ASUS',18,'ASUS - 18GB'),('ASUS',6,'ASUS - 6GB'),('ASUS',18,'ASUS - 18GB'),('ASUS',24,'ASUS - 24GB'),('ASUS',8,'ASUS - 8GB'),('ASUS',3,'ASUS - 3GB'),('ASUS',11,'ASUS - 11GB'),('ASUS',31,'ASUS - 31GB'),('MSI',18,'MSI - 18GB'),('MSI',11,'MSI - 11GB'),('MSI',12,'MSI - 12GB'),('MSI',8,'MSI - 8GB'),('MSI',6,'MSI - 6GB'),('MSI',19,'MSI - 19GB'),('MSI',23,'MSI - 23GB'),('MSI',29,'MSI - 29GB'),('MSI',15,'MSI - 15GB'),('MSI',9,'MSI - 9GB'),('ACER',12,'ACER - 12GB'),('ACER',13,'ACER - 13GB'),('ACER',28,'ACER - 28GB'),('ACER',22,'ACER - 22GB'),('ACER',6,'ACER - 6GB'),('ACER',18,'ACER - 18GB'),('ACER',22,'ACER - 22GB'),('ACER',8,'ACER - 8GB'),('ACER',23,'ACER - 23GB'),('ACER',20,'ACER - 20GB'),('DELL',8,'DELL - 8GB'),('DELL',13,'DELL - 13GB'),('DELL',16,'DELL - 16GB'),('DELL',15,'DELL - 15GB'),('DELL',23,'DELL - 23GB'),('DELL',10,'DELL - 10GB'),('DELL',28,'DELL - 28GB'),('DELL',31,'DELL - 31GB'),('DELL',28,'DELL - 28GB'),('DELL',20,'DELL - 20GB'),('Canyon',27,'Canyon - 27GB'),('Canyon',6,'Canyon - 6GB'),('Canyon',28,'Canyon - 28GB'),('Canyon',8,'Canyon - 8GB'),('Canyon',26,'Canyon - 26GB'),('Canyon',16,'Canyon - 16GB'),('Canyon',15,'Canyon - 15GB'),('Canyon',22,'Canyon - 22GB'),('Canyon',9,'Canyon - 9GB'),('Canyon',19,'Canyon - 19GB');

INSERT INTO processor([cores],[manufacturer],[model],[name],[speed]) VALUES(6,'ASUS','Quisque LLP','ASUS Quisque LLP','2'),(15,'ASUS','Duis Company','ASUS Duis Company','2'),(10,'ASUS','Et Arcu Imperdiet LLC','ASUS Et Arcu Imperdiet LLC','2'),(13,'ASUS','Vestibulum LLP','ASUS Vestibulum LLP','2'),(8,'ASUS','Aenean Euismod Mauris Associates','ASUS Aenean Euismod Mauris Associates','2'),(2,'ASUS','Gravida Mauris Ut Limited','ASUS Gravida Mauris Ut Limited','2'),(16,'ASUS','Vehicula Limited','ASUS Vehicula Limited','2'),(11,'MSI','Diam Inc.','MSI Diam Inc.','2'),(12,'MSI','Non Quam Inc.','MSI Non Quam Inc.','2'),(9,'MSI','Cursus In Hendrerit Foundation','MSI Cursus In Hendrerit Foundation','2'),(3,'MSI','Consequat Industries','MSI Consequat Industries','2'),(3,'MSI','Aliquam Erat LLP','MSI Aliquam Erat LLP','2'),(11,'MSI','Integer Aliquam PC','MSI Integer Aliquam PC','2'),(14,'MSI','Lacinia Mattis Company','MSI Lacinia Mattis Company','2'),(7,'ACER','Ipsum Nunc Ltd','ACER Ipsum Nunc Ltd','2'),(10,'ACER','Ligula Elit Associates','ACER Ligula Elit Associates','2.1'),(5,'ACER','Odio Phasellus At Corporation','ACER Odio Phasellus At Corporation','2.1'),(4,'ACER','Augue Malesuada Malesuada Industries','ACER Augue Malesuada Malesuada Industries','2.1'),(13,'ACER','In Corporation','ACER In Corporation','2.1'),(10,'ACER','Et Foundation','ACER Et Foundation','2.1'),(4,'ACER','Amet Nulla PC','ACER Amet Nulla PC','2.1'),(14,'HP','Sed Dictum LLP','HP Sed Dictum LLP','2.1'),(4,'HP','Sem Associates','HP Sem Associates','2.1'),(10,'HP','Ligula Consectetuer Rhoncus Foundation','HP Ligula Consectetuer Rhoncus Foundation','2.1'),(15,'HP','Fusce Aliquam Enim LLP','HP Fusce Aliquam Enim LLP','2.1'),(2,'HP','Tincidunt Tempus PC','HP Tincidunt Tempus PC','2.1'),(8,'HP','Integer Aliquam Industries','HP Integer Aliquam Industries','2.1'),(7,'HP','Suspendisse Corporation','HP Suspendisse Corporation','2.1'),(3,'Lenovo','Ornare Incorporated','Lenovo Ornare Incorporated','2.1'),(16,'Lenovo','Nec Incorporated','Lenovo Nec Incorporated','2.1'),(13,'Lenovo','Suspendisse Commodo Corporation','Lenovo Suspendisse Commodo Corporation','2.2'),(3,'Lenovo','Gravida Molestie Associates','Lenovo Gravida Molestie Associates','2.2'),(9,'Lenovo','Eget Magna Suspendisse Consulting','Lenovo Eget Magna Suspendisse Consulting','2.2'),(11,'Lenovo','Erat Eget Ipsum Industries','Lenovo Erat Eget Ipsum Industries','2.2'),(14,'Lenovo','Pellentesque Inc.','Lenovo Pellentesque Inc.','2.2'),(9,'Dell','Magna Phasellus Consulting','Dell Magna Phasellus Consulting','2.2'),(13,'Dell','Aenean Foundation','Dell Aenean Foundation','2.2'),(9,'Dell','Amet Metus Aliquam Limited','Dell Amet Metus Aliquam Limited','2.2'),(4,'Dell','Dolor Dapibus Gravida Limited','Dell Dolor Dapibus Gravida Limited','2.2'),(11,'Dell','Ac Sem Associates','Dell Ac Sem Associates','2.2'),(16,'Dell','Curabitur Egestas Corp.','Dell Curabitur Egestas Corp.','2.2'),(2,'Dell','Luctus PC','Dell Luctus PC','2.2'),(10,'Apple','Nulla Eu Neque Consulting','Apple Nulla Eu Neque Consulting','2.2'),(2,'Apple','Proin Dolor Industries','Apple Proin Dolor Industries','2.2'),(10,'Apple','In Faucibus Ltd','Apple In Faucibus Ltd','2.2'),(11,'Apple','Vitae Corp.','Apple Vitae Corp.','2.3'),(16,'Apple','Mauris Eu LLP','Apple Mauris Eu LLP','2.3'),(11,'Apple','Sed LLC','Apple Sed LLC','2.3'),(16,'Apple','Odio Auctor Incorporated','Apple Odio Auctor Incorporated','2.3'),(16,'OnePlus','Laoreet Corp.','OnePlus Laoreet Corp.','2.3'),(5,'OnePlus','Lectus Foundation','OnePlus Lectus Foundation','2.3'),(8,'OnePlus','Quam Pellentesque LLP','OnePlus Quam Pellentesque LLP','2.3'),(2,'OnePlus','Nec Leo Morbi LLC','OnePlus Nec Leo Morbi LLC','2.3'),(7,'OnePlus','Diam Vel Arcu Foundation','OnePlus Diam Vel Arcu Foundation','2.3'),(14,'OnePlus','Dolor Quisque Tincidunt Associates','OnePlus Dolor Quisque Tincidunt Associates','2.3'),(16,'OnePlus','Dis Consulting','OnePlus Dis Consulting','2.3'),(10,'ASUS','Ipsum Cursus Vestibulum Associates','ASUS Ipsum Cursus Vestibulum Associates','2.3'),(3,'ASUS','Rhoncus Id Mollis Industries','ASUS Rhoncus Id Mollis Industries','2.3'),(5,'ASUS','Proin Institute','ASUS Proin Institute','2.3'),(14,'ASUS','Luctus Aliquet Odio Consulting','ASUS Luctus Aliquet Odio Consulting','2.3'),(7,'ASUS','Nam Ac Associates','ASUS Nam Ac Associates','2.4'),(12,'ASUS','Vitae Velit Incorporated','ASUS Vitae Velit Incorporated','2.4'),(3,'ASUS','Odio Tristique Pharetra Associates','ASUS Odio Tristique Pharetra Associates','2.4'),(16,'MSI','Nunc Quisque Ornare Industries','MSI Nunc Quisque Ornare Industries','2.4'),(7,'MSI','Nunc Company','MSI Nunc Company','2.4'),(14,'MSI','Erat Vel Pede Corp.','MSI Erat Vel Pede Corp.','2.4'),(15,'MSI','Sollicitudin Orci Sem Inc.','MSI Sollicitudin Orci Sem Inc.','2.4'),(8,'MSI','Cubilia Curae; Ltd','MSI Cubilia Curae; Ltd','2.4'),(8,'MSI','Sem Pellentesque Ut LLC','MSI Sem Pellentesque Ut LLC','2.4'),(13,'MSI','Adipiscing Lacus Ut Incorporated','MSI Adipiscing Lacus Ut Incorporated','2.4'),(6,'ACER','Quis Pede Industries','ACER Quis Pede Industries','2.4'),(3,'ACER','Et Eros Proin Inc.','ACER Et Eros Proin Inc.','2.4'),(11,'ACER','Integer Industries','ACER Integer Industries','2.4'),(2,'ACER','Ligula Ltd','ACER Ligula Ltd','2.4'),(12,'ACER','Donec Tincidunt Donec Corp.','ACER Donec Tincidunt Donec Corp.','2.4'),(14,'ACER','Enim Consequat Corp.','ACER Enim Consequat Corp.','2.5'),(16,'ACER','Enim Corp.','ACER Enim Corp.','2.5'),(13,'HP','Laoreet Lectus Quis Industries','HP Laoreet Lectus Quis Industries','2.5'),(2,'HP','Dictum Corp.','HP Dictum Corp.','2.5'),(11,'HP','Vehicula Pellentesque Consulting','HP Vehicula Pellentesque Consulting','2.5'),(4,'HP','In Foundation','HP In Foundation','2.5'),(6,'HP','Velit Sed Malesuada PC','HP Velit Sed Malesuada PC','2.5'),(10,'HP','Nec Leo Morbi Industries','HP Nec Leo Morbi Industries','2.5'),(3,'HP','Libero Dui Consulting','HP Libero Dui Consulting','2.5'),(7,'Lenovo','Aliquet PC','Lenovo Aliquet PC','2.5'),(14,'Lenovo','Posuere Vulputate Lacus Incorporated','Lenovo Posuere Vulputate Lacus Incorporated','2.5'),(6,'Lenovo','Quam Pellentesque LLC','Lenovo Quam Pellentesque LLC','2.5'),(14,'Lenovo','A LLC','Lenovo A LLC','2.5'),(4,'Lenovo','Porttitor Vulputate Posuere LLP','Lenovo Porttitor Vulputate Posuere LLP','2.5'),(7,'Lenovo','Mi Pede Institute','Lenovo Mi Pede Institute','2.5'),(8,'Lenovo','Tristique Aliquet Incorporated','Lenovo Tristique Aliquet Incorporated','2.6'),(6,'Dell','Id Blandit At Foundation','Dell Id Blandit At Foundation','2.6'),(12,'Dell','Fringilla Donec Incorporated','Dell Fringilla Donec Incorporated','2.6'),(3,'Dell','Nunc Mauris Morbi Limited','Dell Nunc Mauris Morbi Limited','2.6'),(16,'Dell','Lectus LLC','Dell Lectus LLC','2.6'),(3,'Dell','Natoque Industries','Dell Natoque Industries','2.6'),(5,'Dell','Fringilla Porttitor Vulputate Corp.','Dell Fringilla Porttitor Vulputate Corp.','2.6'),(11,'Dell','Erat Incorporated','Dell Erat Incorporated','2.6'),(2,'Apple','Felis Donec Tempor Foundation','Apple Felis Donec Tempor Foundation','2.6'),(15,'Apple','Montes Nascetur Ridiculus Incorporated','Apple Montes Nascetur Ridiculus Incorporated','2.6');

INSERT INTO screen([diagonal],[name],[refresh rate],[response time]) VALUES('12','12 inches 60 Hz 2ms response time','60',2),('12','12 inches 60 Hz 10ms response time','60',10),('12','12 inches 60 Hz 7ms response time','60',7),('12','12 inches 60 Hz 1ms response time','60',1),('12','12 inches 60 Hz 9ms response time','60',9),('12','12 inches 60 Hz 6ms response time','60',6),('12','12 inches 60 Hz 8ms response time','60',8),('12','12 inches 60 Hz 8ms response time','60',8),('12','12 inches 75 Hz 2ms response time','75',2),('12','12 inches 75 Hz 1ms response time','75',1),('13','13 inches 75 Hz 9ms response time','75',9),('13','13 inches 75 Hz 3ms response time','75',3),('13','13 inches 75 Hz 8ms response time','75',8),('13','13 inches 75 Hz 9ms response time','75',9),('13','13 inches 75 Hz 10ms response time','75',10),('13','13 inches 75 Hz 10ms response time','75',10),('13','13 inches 120 Hz 3ms response time','120',3),('13','13 inches 120 Hz 7ms response time','120',7),('13','13 inches 120 Hz 1ms response time','120',1),('13','13 inches 120 Hz 1ms response time','120',1),('14','14 inches 120 Hz 3ms response time','120',3),('14','14 inches 120 Hz 9ms response time','120',9),('14','14 inches 120 Hz 4ms response time','120',4),('14','14 inches 120 Hz 5ms response time','120',5),('14','14 inches 140 Hz 5ms response time','140',5),('14','14 inches 140 Hz 7ms response time','140',7),('14','14 inches 140 Hz 4ms response time','140',4),('14','14 inches 140 Hz 6ms response time','140',6),('14','14 inches 140 Hz 2ms response time','140',2),('14','14 inches 140 Hz 3ms response time','140',3),('15.6','15.6 inches 140 Hz 7ms response time','140',7),('15.6','15.6 inches 140 Hz 6ms response time','140',6),('15.6','15.6 inches 144 Hz 10ms response time','144',10),('15.6','15.6 inches 144 Hz 9ms response time','144',9),('15.6','15.6 inches 144 Hz 7ms response time','144',7),('15.6','15.6 inches 144 Hz 3ms response time','144',3),('15.6','15.6 inches 144 Hz 6ms response time','144',6),('15.6','15.6 inches 144 Hz 9ms response time','144',9),('15.6','15.6 inches 144 Hz 4ms response time','144',4),('15.6','15.6 inches 144 Hz 5ms response time','144',5),('17.3','17.3 inches 240 Hz 3ms response time','240',3),('17.3','17.3 inches 240 Hz 5ms response time','240',5),('17.3','17.3 inches 240 Hz 10ms response time','240',10),('17.3','17.3 inches 240 Hz 9ms response time','240',9),('17.3','17.3 inches 240 Hz 9ms response time','240',9),('17.3','17.3 inches 240 Hz 10ms response time','240',10),('17.3','17.3 inches 240 Hz 8ms response time','240',8),('17.3','17.3 inches 240 Hz 3ms response time','240',3),('17.3','17.3 inches 244 Hz 10ms response time','244',10),('17.3','17.3 inches 244 Hz 5ms response time','244',5),('11','11 inches 244 Hz 9ms response time','244',9),('11','11 inches 244 Hz 6ms response time','244',6),('11','11 inches 244 Hz 6ms response time','244',6),('11','11 inches 244 Hz 4ms response time','244',4),('11','11 inches 244 Hz 6ms response time','244',6),('11','11 inches 244 Hz 5ms response time','244',5),('11','11 inches 360 Hz 3ms response time','360',3),('11','11 inches 360 Hz 9ms response time','360',9),('11','11 inches 360 Hz 9ms response time','360',9),('11','11 inches 360 Hz 1ms response time','360',1),('12','12 inches 360 Hz 10ms response time','360',10),('12','12 inches 360 Hz 2ms response time','360',2),('12','12 inches 360 Hz 5ms response time','360',5),('12','12 inches 360 Hz 3ms response time','360',3),('12','12 inches 60 Hz 3ms response time','60',3),('12','12 inches 60 Hz 10ms response time','60',10),('12','12 inches 60 Hz 4ms response time','60',4),('12','12 inches 60 Hz 10ms response time','60',10),('12','12 inches 60 Hz 5ms response time','60',5),('12','12 inches 60 Hz 6ms response time','60',6),('13','13 inches 60 Hz 2ms response time','60',2),('13','13 inches 60 Hz 10ms response time','60',10),('13','13 inches 75 Hz 5ms response time','75',5),('13','13 inches 75 Hz 2ms response time','75',2),('13','13 inches 75 Hz 7ms response time','75',7),('13','13 inches 75 Hz 7ms response time','75',7),('13','13 inches 75 Hz 1ms response time','75',1),('13','13 inches 75 Hz 7ms response time','75',7),('13','13 inches 75 Hz 9ms response time','75',9),('13','13 inches 75 Hz 4ms response time','75',4),('14','14 inches 120 Hz 3ms response time','120',3),('14','14 inches 120 Hz 1ms response time','120',1),('14','14 inches 120 Hz 2ms response time','120',2),('14','14 inches 120 Hz 3ms response time','120',3),('14','14 inches 120 Hz 8ms response time','120',8),('14','14 inches 120 Hz 10ms response time','120',10),('14','14 inches 120 Hz 1ms response time','120',1),('14','14 inches 120 Hz 9ms response time','120',9),('14','14 inches 140 Hz 3ms response time','140',3),('14','14 inches 140 Hz 8ms response time','140',8),('15.6','15.6 inches 140 Hz 4ms response time','140',4),('15.6','15.6 inches 140 Hz 10ms response time','140',10),('15.6','15.6 inches 140 Hz 1ms response time','140',1),('15.6','15.6 inches 140 Hz 6ms response time','140',6),('15.6','15.6 inches 140 Hz 10ms response time','140',10),('15.6','15.6 inches 140 Hz 2ms response time','140',2),('15.6','15.6 inches 144 Hz 9ms response time','144',9),('15.6','15.6 inches 144 Hz 1ms response time','144',1),('15.6','15.6 inches 144 Hz 10ms response time','144',10),('15.6','15.6 inches 144 Hz 3ms response time','144',3);

INSERT INTO storage([capacity],[connector],[name],[type]) VALUES(1113,'NVME','SSD 1113GB NVME','SSD'),(1436,'NVME','SSD 1436GB NVME','SSD'),(811,'NVME','SSD 811GB NVME','SSD'),(354,'NVME','SSD 354GB NVME','SSD'),(694,'NVME','SSD 694GB NVME','SSD'),(1589,'SATA','SSD 1589GB SATA','SSD'),(1630,'SATA','SSD 1630GB SATA','SSD'),(1073,'SATA','SSD 1073GB SATA','SSD'),(554,'SATA','SSD 554GB SATA','SSD'),(580,'SATA','SSD 580GB SATA','SSD'),(1549,'M2','HDD 1549GB M2','HDD'),(1172,'M2','HDD 1172GB M2','HDD'),(403,'M2','HDD 403GB M2','HDD'),(1252,'M2','HDD 1252GB M2','HDD'),(1601,'M2','HDD 1601GB M2','HDD'),(720,'NVME','HDD 720GB NVME','HDD'),(1999,'NVME','HDD 1999GB NVME','HDD'),(1540,'NVME','HDD 1540GB NVME','HDD'),(565,'NVME','HDD 565GB NVME','HDD'),(1680,'NVME','HDD 1680GB NVME','HDD'),(318,'SATA','HDD 2.0 318GB SATA','HDD 2.0'),(1791,'SATA','HDD 2.0 1791GB SATA','HDD 2.0'),(1985,'SATA','HDD 2.0 1985GB SATA','HDD 2.0'),(495,'SATA','HDD 2.0 495GB SATA','HDD 2.0'),(1202,'SATA','HDD 2.0 1202GB SATA','HDD 2.0'),(711,'M2','HDD 2.0 711GB M2','HDD 2.0'),(1374,'M2','HDD 2.0 1374GB M2','HDD 2.0'),(738,'M2','HDD 2.0 738GB M2','HDD 2.0'),(1071,'M2','HDD 2.0 1071GB M2','HDD 2.0'),(1270,'M2','HDD 2.0 1270GB M2','HDD 2.0'),(415,'NVME','SSD 415GB NVME','SSD'),(639,'NVME','SSD 639GB NVME','SSD'),(1419,'NVME','SSD 1419GB NVME','SSD'),(258,'NVME','SSD 258GB NVME','SSD'),(365,'NVME','SSD 365GB NVME','SSD'),(914,'SATA','SSD 914GB SATA','SSD'),(976,'SATA','SSD 976GB SATA','SSD'),(1839,'SATA','SSD 1839GB SATA','SSD'),(292,'SATA','SSD 292GB SATA','SSD'),(1915,'SATA','SSD 1915GB SATA','SSD'),(1404,'M2','HDD 1404GB M2','HDD'),(1279,'M2','HDD 1279GB M2','HDD'),(1638,'M2','HDD 1638GB M2','HDD'),(711,'M2','HDD 711GB M2','HDD'),(601,'M2','HDD 601GB M2','HDD'),(882,'NVME','HDD 882GB NVME','HDD'),(2014,'NVME','HDD 2014GB NVME','HDD'),(996,'NVME','HDD 996GB NVME','HDD'),(1743,'NVME','HDD 1743GB NVME','HDD'),(638,'NVME','HDD 638GB NVME','HDD'),(1734,'SATA','HDD 2.0 1734GB SATA','HDD 2.0'),(494,'SATA','HDD 2.0 494GB SATA','HDD 2.0'),(1200,'SATA','HDD 2.0 1200GB SATA','HDD 2.0'),(611,'SATA','HDD 2.0 611GB SATA','HDD 2.0'),(503,'SATA','HDD 2.0 503GB SATA','HDD 2.0'),(1803,'M2','HDD 2.0 1803GB M2','HDD 2.0'),(767,'M2','HDD 2.0 767GB M2','HDD 2.0'),(1463,'M2','HDD 2.0 1463GB M2','HDD 2.0'),(2036,'M2','HDD 2.0 2036GB M2','HDD 2.0'),(1773,'M2','HDD 2.0 1773GB M2','HDD 2.0'),(1733,'NVME','SSD 1733GB NVME','SSD'),(589,'NVME','SSD 589GB NVME','SSD'),(1521,'NVME','SSD 1521GB NVME','SSD'),(2009,'NVME','SSD 2009GB NVME','SSD'),(815,'NVME','SSD 815GB NVME','SSD'),(739,'SATA','SSD 739GB SATA','SSD'),(1815,'SATA','SSD 1815GB SATA','SSD'),(1782,'SATA','SSD 1782GB SATA','SSD'),(1391,'SATA','SSD 1391GB SATA','SSD'),(2024,'SATA','SSD 2024GB SATA','SSD'),(644,'M2','HDD 644GB M2','HDD'),(1152,'M2','HDD 1152GB M2','HDD'),(1426,'M2','HDD 1426GB M2','HDD'),(601,'M2','HDD 601GB M2','HDD'),(1493,'M2','HDD 1493GB M2','HDD'),(1459,'NVME','HDD 1459GB NVME','HDD'),(1132,'NVME','HDD 1132GB NVME','HDD'),(944,'NVME','HDD 944GB NVME','HDD'),(367,'NVME','HDD 367GB NVME','HDD'),(1769,'NVME','HDD 1769GB NVME','HDD'),(771,'SATA','HDD 2.0 771GB SATA','HDD 2.0'),(1666,'SATA','HDD 2.0 1666GB SATA','HDD 2.0'),(1745,'SATA','HDD 2.0 1745GB SATA','HDD 2.0'),(1330,'SATA','HDD 2.0 1330GB SATA','HDD 2.0'),(1029,'SATA','HDD 2.0 1029GB SATA','HDD 2.0'),(1951,'M2','HDD 2.0 1951GB M2','HDD 2.0'),(1068,'M2','HDD 2.0 1068GB M2','HDD 2.0'),(1733,'M2','HDD 2.0 1733GB M2','HDD 2.0'),(649,'M2','HDD 2.0 649GB M2','HDD 2.0'),(1955,'M2','HDD 2.0 1955GB M2','HDD 2.0'),(1263,'NVME','SSD 1263GB NVME','SSD'),(861,'NVME','SSD 861GB NVME','SSD'),(460,'NVME','SSD 460GB NVME','SSD'),(1727,'NVME','SSD 1727GB NVME','SSD'),(1728,'NVME','SSD 1728GB NVME','SSD'),(868,'SATA','SSD 868GB SATA','SSD'),(1899,'SATA','SSD 1899GB SATA','SSD'),(1573,'SATA','SSD 1573GB SATA','SSD'),(594,'SATA','SSD 594GB SATA','SSD'),(1159,'SATA','SSD 1159GB SATA','SSD');

INSERT INTO video_card([manufacturer],[memory],[model],[name],[technology]) VALUES('NVIDIA',7,'Geforce 1660','NVIDIA Geforce 1660 7GB DDR2','DDR2'),('NVIDIA',3,'Geforce 1660','NVIDIA Geforce 1660 3GB DDR2','DDR2'),('NVIDIA',6,'Geforce 1660','NVIDIA Geforce 1660 6GB DDR2','DDR2'),('INTEL',8,'Geforce 1660','INTEL Geforce 1660 8GB DDR2','DDR2'),('INTEL',7,'Geforce 1660','INTEL Geforce 1660 7GB DDR2','DDR2'),('INTEL',5,'Geforce 1660','INTEL Geforce 1660 5GB DDR2','DDR2'),('AMD',10,'Geforce 1660','AMD Geforce 1660 10GB DDR2','DDR2'),('AMD',7,'Geforce 1660','AMD Geforce 1660 7GB DDR2','DDR2'),('AMD',10,'Geforce 1660','AMD Geforce 1660 10GB DDR2','DDR2'),('NVIDIA',13,'Geforce 1660','NVIDIA Geforce 1660 13GB DDR2','DDR2'),('NVIDIA',4,'Geforce 1060','NVIDIA Geforce 1060 4GB DDR3','DDR3'),('NVIDIA',16,'Geforce 1060','NVIDIA Geforce 1060 16GB DDR3','DDR3'),('INTEL',14,'Geforce 1060','INTEL Geforce 1060 14GB DDR3','DDR3'),('INTEL',2,'Geforce 1060','INTEL Geforce 1060 2GB DDR3','DDR3'),('INTEL',14,'Geforce 1060','INTEL Geforce 1060 14GB DDR3','DDR3'),('AMD',15,'Geforce 1060','AMD Geforce 1060 15GB DDR3','DDR3'),('AMD',7,'Geforce 1060','AMD Geforce 1060 7GB DDR3','DDR3'),('AMD',11,'Geforce 1060','AMD Geforce 1060 11GB DDR3','DDR3'),('NVIDIA',10,'Geforce 1060','NVIDIA Geforce 1060 10GB DDR3','DDR3'),('NVIDIA',16,'Geforce 1060','NVIDIA Geforce 1060 16GB DDR3','DDR3'),('NVIDIA',12,'RTX 2060','NVIDIA RTX 2060 12GB DDR4','DDR4'),('INTEL',12,'RTX 2060','INTEL RTX 2060 12GB DDR4','DDR4'),('INTEL',10,'RTX 2060','INTEL RTX 2060 10GB DDR4','DDR4'),('INTEL',7,'RTX 2060','INTEL RTX 2060 7GB DDR4','DDR4'),('AMD',9,'RTX 2060','AMD RTX 2060 9GB DDR4','DDR4'),('AMD',2,'RTX 2060','AMD RTX 2060 2GB DDR4','DDR4'),('AMD',7,'RTX 2060','AMD RTX 2060 7GB DDR4','DDR4'),('NVIDIA',16,'RTX 2060','NVIDIA RTX 2060 16GB DDR4','DDR4'),('NVIDIA',6,'RTX 2060','NVIDIA RTX 2060 6GB DDR4','DDR4'),('NVIDIA',12,'RTX 2060','NVIDIA RTX 2060 12GB DDR4','DDR4'),('INTEL',9,'Geforce 3060','INTEL Geforce 3060 9GB DDR5','DDR5'),('INTEL',10,'Geforce 3060','INTEL Geforce 3060 10GB DDR5','DDR5'),('INTEL',6,'Geforce 3060','INTEL Geforce 3060 6GB DDR5','DDR5'),('AMD',9,'Geforce 3060','AMD Geforce 3060 9GB DDR5','DDR5'),('AMD',10,'Geforce 3060','AMD Geforce 3060 10GB DDR5','DDR5'),('AMD',5,'Geforce 3060','AMD Geforce 3060 5GB DDR5','DDR5'),('NVIDIA',8,'Geforce 3060','NVIDIA Geforce 3060 8GB DDR5','DDR5'),('NVIDIA',5,'Geforce 3060','NVIDIA Geforce 3060 5GB DDR5','DDR5'),('NVIDIA',5,'Geforce 3060','NVIDIA Geforce 3060 5GB DDR5','DDR5'),('INTEL',9,'Geforce 3060','INTEL Geforce 3060 9GB DDR5','DDR5'),('INTEL',8,'Radeon','INTEL Radeon 8GB DDR6','DDR6'),('INTEL',2,'Radeon','INTEL Radeon 2GB DDR6','DDR6'),('AMD',14,'Radeon','AMD Radeon 14GB DDR6','DDR6'),('AMD',5,'Radeon','AMD Radeon 5GB DDR6','DDR6'),('AMD',8,'Radeon','AMD Radeon 8GB DDR6','DDR6'),('NVIDIA',14,'Radeon','NVIDIA Radeon 14GB DDR6','DDR6'),('NVIDIA',7,'Radeon','NVIDIA Radeon 7GB DDR6','DDR6'),('NVIDIA',6,'Radeon','NVIDIA Radeon 6GB DDR6','DDR6'),('INTEL',6,'Radeon','INTEL Radeon 6GB DDR6','DDR6'),('INTEL',12,'Radeon','INTEL Radeon 12GB DDR6','DDR6'),('INTEL',11,'Dragon','INTEL Dragon 11GB DDR7','DDR7'),('AMD',6,'Dragon','AMD Dragon 6GB DDR7','DDR7'),('AMD',14,'Dragon','AMD Dragon 14GB DDR7','DDR7'),('AMD',6,'Dragon','AMD Dragon 6GB DDR7','DDR7'),('NVIDIA',15,'Dragon','NVIDIA Dragon 15GB DDR7','DDR7'),('NVIDIA',9,'Dragon','NVIDIA Dragon 9GB DDR7','DDR7'),('NVIDIA',3,'Dragon','NVIDIA Dragon 3GB DDR7','DDR7'),('INTEL',6,'Dragon','INTEL Dragon 6GB DDR7','DDR7'),('INTEL',2,'Dragon','INTEL Dragon 2GB DDR7','DDR7'),('INTEL',2,'Dragon','INTEL Dragon 2GB DDR7','DDR7'),('AMD',8,'Geforce 1660','AMD Geforce 1660 8GB DDR2','DDR2'),('AMD',8,'Geforce 1660','AMD Geforce 1660 8GB DDR2','DDR2'),('AMD',11,'Geforce 1660','AMD Geforce 1660 11GB DDR2','DDR2'),('NVIDIA',6,'Geforce 1660','NVIDIA Geforce 1660 6GB DDR2','DDR2'),('NVIDIA',11,'Geforce 1660','NVIDIA Geforce 1660 11GB DDR2','DDR2'),('NVIDIA',4,'Geforce 1660','NVIDIA Geforce 1660 4GB DDR2','DDR2'),('INTEL',7,'Geforce 1660','INTEL Geforce 1660 7GB DDR2','DDR2'),('INTEL',15,'Geforce 1660','INTEL Geforce 1660 15GB DDR2','DDR2'),('INTEL',8,'Geforce 1660','INTEL Geforce 1660 8GB DDR2','DDR2'),('AMD',9,'Geforce 1660','AMD Geforce 1660 9GB DDR2','DDR2'),('AMD',6,'Geforce 1060','AMD Geforce 1060 6GB DDR3','DDR3'),('AMD',4,'Geforce 1060','AMD Geforce 1060 4GB DDR3','DDR3'),('NVIDIA',12,'Geforce 1060','NVIDIA Geforce 1060 12GB DDR3','DDR3'),('NVIDIA',16,'Geforce 1060','NVIDIA Geforce 1060 16GB DDR3','DDR3'),('NVIDIA',16,'Geforce 1060','NVIDIA Geforce 1060 16GB DDR3','DDR3'),('INTEL',6,'Geforce 1060','INTEL Geforce 1060 6GB DDR3','DDR3'),('INTEL',6,'Geforce 1060','INTEL Geforce 1060 6GB DDR3','DDR3'),('INTEL',10,'Geforce 1060','INTEL Geforce 1060 10GB DDR3','DDR3'),('AMD',3,'Geforce 1060','AMD Geforce 1060 3GB DDR3','DDR3'),('AMD',9,'Geforce 1060','AMD Geforce 1060 9GB DDR3','DDR3'),('AMD',9,'RTX 2060','AMD RTX 2060 9GB DDR4','DDR4'),('NVIDIA',8,'RTX 2060','NVIDIA RTX 2060 8GB DDR4','DDR4'),('NVIDIA',8,'RTX 2060','NVIDIA RTX 2060 8GB DDR4','DDR4'),('NVIDIA',6,'RTX 2060','NVIDIA RTX 2060 6GB DDR4','DDR4'),('INTEL',14,'RTX 2060','INTEL RTX 2060 14GB DDR4','DDR4'),('INTEL',10,'RTX 2060','INTEL RTX 2060 10GB DDR4','DDR4'),('INTEL',13,'RTX 2060','INTEL RTX 2060 13GB DDR4','DDR4'),('AMD',5,'RTX 2060','AMD RTX 2060 5GB DDR4','DDR4'),('AMD',16,'RTX 2060','AMD RTX 2060 16GB DDR4','DDR4'),('AMD',2,'RTX 2060','AMD RTX 2060 2GB DDR4','DDR4'),('NVIDIA',10,'Geforce 3060','NVIDIA Geforce 3060 10GB DDR5','DDR5'),('NVIDIA',12,'Geforce 3060','NVIDIA Geforce 3060 12GB DDR5','DDR5'),('NVIDIA',11,'Geforce 3060','NVIDIA Geforce 3060 11GB DDR5','DDR5'),('INTEL',5,'Geforce 3060','INTEL Geforce 3060 5GB DDR5','DDR5'),('INTEL',13,'Geforce 3060','INTEL Geforce 3060 13GB DDR5','DDR5'),('INTEL',15,'Geforce 3060','INTEL Geforce 3060 15GB DDR5','DDR5'),('AMD',12,'Geforce 3060','AMD Geforce 3060 12GB DDR5','DDR5'),('AMD',11,'Geforce 3060','AMD Geforce 3060 11GB DDR5','DDR5'),('AMD',3,'Geforce 3060','AMD Geforce 3060 3GB DDR5','DDR5'),('NVIDIA',3,'Geforce 3060','NVIDIA Geforce 3060 3GB DDR5','DDR5');

INSERT INTO laptop([manufacturer],[model],[price],[screen_id],[processor_id],[video_card_id]) VALUES('ACER','Geforce 1660','414.36',1,1,1),('ACER','Geforce 1660','755.33',2,2,2),('ACER','Geforce 1660','124.42',3,3,3),('ACER','Geforce 1660','138.05',4,4,4),('ACER','Geforce 1660','165.12',5,5,5),('ACER','Geforce 1660','950.37',6,6,6),('ACER','Geforce 1660','053.10',7,7,7),('MSI','Geforce 1660','828.83',8,8,8),('MSI','Geforce 1660','641.78',9,9,9),('MSI','Geforce 1660','892.17',10,10,10),('MSI','Geforce 1060','685.78',11,11,11),('MSI','Geforce 1060','160.18',12,12,12),('MSI','Geforce 1060','407.48',13,13,13),('MSI','Geforce 1060','020.35',14,14,14),('ASUS','Geforce 1060','527.68',15,15,15),('ASUS','Geforce 1060','524.73',16,16,16),('ASUS','Geforce 1060','486.14',17,17,17),('ASUS','Geforce 1060','174.82',18,18,18),('ASUS','Geforce 1060','874.35',19,19,19),('ASUS','Geforce 1060','542.38',20,20,20),('ASUS','RTX 2060','366.63',21,21,21),('Lenovo','RTX 2060','979.85',22,22,22),('Lenovo','RTX 2060','166.90',23,23,23),('Lenovo','RTX 2060','001.56',24,24,24),('Lenovo','RTX 2060','125.71',25,25,25),('Lenovo','RTX 2060','788.53',26,26,26),('Lenovo','RTX 2060','468.62',27,27,27),('Lenovo','RTX 2060','561.58',28,28,28),('HP','RTX 2060','942.31',29,29,29),('HP','RTX 2060','934.65',30,30,30),('HP','Geforce 3060','760.14',31,31,31),('HP','Geforce 3060','861.11',32,32,32),('HP','Geforce 3060','592.66',33,33,33),('HP','Geforce 3060','500.54',34,34,34),('HP','Geforce 3060','498.84',35,35,35),('APPLE','Geforce 3060','684.94',36,36,36),('APPLE','Geforce 3060','351.87',37,37,37),('APPLE','Geforce 3060','713.32',38,38,38),('APPLE','Geforce 3060','835.75',39,39,39),('APPLE','Geforce 3060','052.65',40,40,40),('APPLE','Radeon','206.23',41,41,41),('APPLE','Radeon','757.47',42,42,42),('ACER','Radeon','675.93',43,43,43),('ACER','Radeon','506.76',44,44,44),('ACER','Radeon','324.35',45,45,45),('ACER','Radeon','299.99',46,46,46),('ACER','Radeon','427.68',47,47,47),('ACER','Radeon','736.51',48,48,48),('ACER','Radeon','985.75',49,49,49),('MSI','Radeon','721.79',50,50,50),('MSI','Dragon','854.69',51,51,51),('MSI','Dragon','450.22',52,52,52),('MSI','Dragon','708.43',53,53,53),('MSI','Dragon','971.28',54,54,54),('MSI','Dragon','517.98',55,55,55),('MSI','Dragon','044.76',56,56,56),('ASUS','Dragon','650.10',57,57,57),('ASUS','Dragon','176.18',58,58,58),('ASUS','Dragon','582.74',59,59,59),('ASUS','Dragon','329.40',60,60,60),('ASUS','Geforce 1660','449.26',61,61,61),('ASUS','Geforce 1660','645.45',62,62,62),('ASUS','Geforce 1660','302.09',63,63,63),('Lenovo','Geforce 1660','025.68',64,64,64),('Lenovo','Geforce 1660','883.98',65,65,65),('Lenovo','Geforce 1660','161.62',66,66,66),('Lenovo','Geforce 1660','566.93',67,67,67),('Lenovo','Geforce 1660','057.56',68,68,68),('Lenovo','Geforce 1660','008.12',69,69,69),('Lenovo','Geforce 1660','079.59',70,70,70),('HP','Geforce 1060','557.97',71,71,71),('HP','Geforce 1060','151.65',72,72,72),('HP','Geforce 1060','449.13',73,73,73),('HP','Geforce 1060','326.59',74,74,74),('HP','Geforce 1060','934.22',75,75,75),('HP','Geforce 1060','117.20',76,76,76),('HP','Geforce 1060','630.00',77,77,77),('APPLE','Geforce 1060','959.72',78,78,78),('APPLE','Geforce 1060','267.14',79,79,79),('APPLE','Geforce 1060','168.47',80,80,80),('APPLE','RTX 2060','948.97',81,81,81),('APPLE','RTX 2060','005.46',82,82,82),('APPLE','RTX 2060','785.85',83,83,83),('APPLE','RTX 2060','566.99',84,84,84),('ACER','RTX 2060','062.53',85,85,85),('ACER','RTX 2060','986.31',86,86,86),('ACER','RTX 2060','717.71',87,87,87),('ACER','RTX 2060','788.74',88,88,88),('ACER','RTX 2060','556.65',89,89,89),('ACER','RTX 2060','724.86',90,90,90),('ACER','Geforce 3060','516.38',91,91,91),('MSI','Geforce 3060','364.59',92,92,92),('MSI','Geforce 3060','057.36',93,93,93),('MSI','Geforce 3060','719.66',94,94,94),('MSI','Geforce 3060','207.71',95,95,95),('MSI','Geforce 3060','456.20',96,96,96),('MSI','Geforce 3060','315.18',97,97,97),('MSI','Geforce 3060','196.29',98,98,98),('ASUS','Geforce 3060','409.43',99,99,99),('ASUS','Geforce 3060','852.95',100,100,100);

INSERT INTO laptop_images([images_id],[laptop_id]) VALUES(1,1),(2,2),(3,3),(4,4),(5,5),(6,6),(7,7),(8,8),(9,9),(10,10),(11,11),(12,12),(13,13),(14,14),(15,15),(16,16),(17,17),(18,18),(19,19),(20,20),(21,21),(22,22),(23,23),(24,24),(25,25),(26,26),(27,27),(28,28),(29,29),(30,30),(31,31),(32,32),(33,33),(34,34),(35,35),(36,36),(37,37),(38,38),(39,39),(40,40),(41,41),(42,42),(43,43),(44,44),(45,45),(46,46),(47,47),(48,48),(49,49),(50,50),(51,51),(52,52),(53,53),(54,54),(55,55),(56,56),(57,57),(58,58),(59,59),(60,60),(61,61),(62,62),(63,63),(64,64),(65,65),(66,66),(67,67),(68,68),(69,69),(70,70),(71,71),(72,72),(73,73),(74,74),(75,75),(76,76),(77,77),(78,78),(79,79),(80,80),(81,81),(82,82),(83,83),(84,84),(85,85),(86,86),(87,87),(88,88),(89,89),(90,90),(91,91),(92,92),(93,93),(94,94),(95,95),(96,96),(97,97),(98,98),(99,99),(100,100);

INSERT INTO laptop_ram([ram_id],[laptop_id]) VALUES(1,1),(2,2),(3,3),(4,4),(5,5),(6,6),(7,7),(8,8),(9,9),(10,10),(11,11),(12,12),(13,13),(14,14),(15,15),(16,16),(17,17),(18,18),(19,19),(20,20),(21,21),(22,22),(23,23),(24,24),(25,25),(26,26),(27,27),(28,28),(29,29),(30,30),(31,31),(32,32),(33,33),(34,34),(35,35),(36,36),(37,37),(38,38),(39,39),(40,40),(41,41),(42,42),(43,43),(44,44),(45,45),(46,46),(47,47),(48,48),(49,49),(50,50),(51,51),(52,52),(53,53),(54,54),(55,55),(56,56),(57,57),(58,58),(59,59),(60,60),(61,61),(62,62),(63,63),(64,64),(65,65),(66,66),(67,67),(68,68),(69,69),(70,70),(71,71),(72,72),(73,73),(74,74),(75,75),(76,76),(77,77),(78,78),(79,79),(80,80),(81,81),(82,82),(83,83),(84,84),(85,85),(86,86),(87,87),(88,88),(89,89),(90,90),(91,91),(92,92),(93,93),(94,94),(95,95),(96,96),(97,97),(98,98),(99,99),(100,100);

INSERT INTO laptop_storage([storage_id],[laptop_id]) VALUES(1,1),(2,2),(3,3),(4,4),(5,5),(6,6),(7,7),(8,8),(9,9),(10,10),(11,11),(12,12),(13,13),(14,14),(15,15),(16,16),(17,17),(18,18),(19,19),(20,20),(21,21),(22,22),(23,23),(24,24),(25,25),(26,26),(27,27),(28,28),(29,29),(30,30),(31,31),(32,32),(33,33),(34,34),(35,35),(36,36),(37,37),(38,38),(39,39),(40,40),(41,41),(42,42),(43,43),(44,44),(45,45),(46,46),(47,47),(48,48),(49,49),(50,50),(51,51),(52,52),(53,53),(54,54),(55,55),(56,56),(57,57),(58,58),(59,59),(60,60),(61,61),(62,62),(63,63),(64,64),(65,65),(66,66),(67,67),(68,68),(69,69),(70,70),(71,71),(72,72),(73,73),(74,74),(75,75),(76,76),(77,77),(78,78),(79,79),(80,80),(81,81),(82,82),(83,83),(84,84),(85,85),(86,86),(87,87),(88,88),(89,89),(90,90),(91,91),(92,92),(93,93),(94,94),(95,95),(96,96),(97,97),(98,98),(99,99),(100,100);

INSERT INTO sale([date],[quantity],[total_price],[laptop_id]) VALUES('2020-06-19 16:07:54',59,8625,1),('2020-10-02 09:49:53',19,16450,2),('2020-09-11 03:43:44',74,19001,3),('2020-07-01 21:36:58',14,10650,4),('2020-08-21 22:06:01',56,10203,5),('2020-10-09 01:00:33',31,9714,6),('2020-09-19 00:02:43',199,1276,7),('2020-10-02 20:20:53',163,3479,8),('2020-08-12 08:45:25',86,12817,9),('2020-12-27 20:13:37',138,9764,10),('2020-08-01 00:50:04',102,17615,11),('2020-09-24 13:28:29',53,7885,12),('2020-08-28 05:48:36',7,9035,13),('2020-08-09 04:02:10',106,5059,14),('2020-11-12 02:19:34',151,7680,15),('2020-07-05 02:30:16',141,1268,16),('2020-09-05 11:06:55',129,1100,17),('2020-12-27 16:11:57',42,18275,18),('2020-08-16 00:48:16',25,15250,19),('2020-12-16 09:17:33',178,8989,20),('2020-11-22 10:02:01',113,3958,21),('2020-06-14 21:58:32',59,19492,22),('2020-10-20 14:48:26',7,12922,23),('2020-06-26 18:09:58',130,4374,24),('2020-07-24 13:56:26',82,1876,25),('2020-11-17 20:00:57',50,7590,26),('2020-11-12 01:12:31',179,2216,27),('2020-08-19 22:06:26',7,19348,28),('2020-06-08 10:49:22',116,5371,29),('2020-11-08 15:20:48',81,2145,30),('2020-06-08 22:09:58',114,4901,31),('2020-11-11 18:14:20',74,5985,32),('2020-06-25 20:52:01',38,19922,33),('2020-09-08 05:54:22',174,5799,34),('2020-06-20 03:08:51',30,12833,35),('2020-11-16 17:47:06',122,18717,36),('2020-09-09 08:28:04',177,1733,37),('2020-10-28 06:20:09',107,15119,38),('2020-10-17 09:19:49',102,5276,39),('2020-06-14 01:19:10',159,19268,40),('2020-08-08 22:24:40',52,18401,41),('2020-06-22 07:33:03',66,10420,42),('2020-06-18 10:31:33',92,5105,43),('2020-07-02 06:54:07',80,18271,44),('2020-09-20 07:49:50',142,2979,45),('2020-10-05 17:23:55',63,11159,46),('2020-12-28 15:39:32',124,8900,47),('2020-08-11 02:58:22',93,10562,48),('2020-09-22 17:42:04',189,5101,49),('2020-09-05 09:57:20',180,9433,50),('2020-08-08 02:53:54',43,7636,51),('2020-08-18 03:36:48',146,17984,52),('2020-09-16 07:18:37',198,17298,53),('2020-06-02 18:29:49',59,5218,54),('2020-08-08 02:50:10',48,12741,55),('2020-08-06 10:23:55',30,7280,56),('2020-11-16 11:56:29',89,5044,57),('2020-08-22 20:28:40',142,10665,58),('2020-12-12 01:34:07',134,2614,59),('2020-10-05 14:58:36',128,2603,60),('2020-12-30 15:28:02',187,19413,61),('2020-09-24 19:56:15',76,5333,62),('2020-07-05 19:46:55',146,2851,63),('2020-11-06 14:09:43',95,2150,64),('2020-07-02 15:50:16',68,13261,65),('2020-10-05 16:50:12',38,9407,66),('2020-07-03 20:08:22',75,18288,67),('2020-10-12 07:20:09',189,14370,68),('2020-08-02 07:19:19',189,14807,69),('2020-06-12 21:21:03',41,14854,70),('2020-09-06 16:04:14',144,10485,71),('2020-11-08 06:07:04',34,7545,72),('2020-08-04 16:31:41',18,11704,73),('2020-09-02 20:58:00',79,15187,74),('2020-12-16 02:49:47',88,13670,75),('2020-06-21 11:32:59',160,2810,76),('2020-07-30 20:35:34',26,6262,77),('2020-12-23 23:13:39',9,14073,78),('2020-12-30 22:20:43',129,10299,79),('2020-08-07 13:23:50',48,11345,80),('2020-07-27 03:33:21',134,16282,81),('2020-07-18 14:00:14',20,9128,82),('2020-12-22 23:54:09',169,8458,83),('2020-09-11 20:14:00',33,12264,84),('2020-12-28 06:21:51',159,11404,85),('2020-06-27 15:37:24',150,7370,86),('2020-12-17 01:07:01',189,8384,87),('2020-08-22 21:59:39',86,9020,88),('2020-06-15 06:48:39',113,8048,89),('2020-08-06 06:21:30',107,14443,90),('2020-12-31 08:46:33',48,3709,91),('2020-11-11 07:35:21',55,14896,92),('2020-06-27 23:29:06',32,14738,93),('2020-11-07 17:50:01',130,13836,94),('2020-12-09 12:45:27',150,17692,95),('2020-07-30 23:17:43',44,16733,96),('2020-10-21 03:54:17',4,18953,97),('2020-09-26 13:25:40',47,10084,98),('2020-12-08 04:32:01',102,3182,99),('2020-09-15 05:15:27',3,3862,100);

INSERT INTO client_sales([client_id],[sales_id]) VALUES(1,1),(2,2),(3,3),(4,4),(5,5),(6,6),(7,7),(8,8),(9,9),(10,10),(11,11),(12,12),(13,13),(14,14),(15,15),(16,16),(17,17),(18,18),(19,19),(20,20),(21,21),(22,22),(23,23),(24,24),(25,25),(26,26),(27,27),(28,28),(29,29),(30,30),(31,31),(32,32),(33,33),(34,34),(35,35),(36,36),(37,37),(38,38),(39,39),(40,40),(41,41),(42,42),(43,43),(44,44),(45,45),(46,46),(47,47),(48,48),(49,49),(50,50),(51,51),(52,52),(53,53),(54,54),(55,55),(56,56),(57,57),(58,58),(59,59),(60,60),(61,61),(62,62),(63,63),(64,64),(65,65),(66,66),(67,67),(68,68),(69,69),(70,70),(71,71),(72,72),(73,73),(74,74),(75,75),(76,76),(77,77),(78,78),(79,79),(80,80),(81,81),(82,82),(83,83),(84,84),(85,85),(86,86),(87,87),(88,88),(89,89),(90,90),(91,91),(92,92),(93,93),(94,94),(95,95),(96,96),(97,97),(98,98),(99,99),(100,100);

INSERT INTO auth_user_sales([user_id],[sales_id]) VALUES(1,1),(2,2),(3,3),(4,4),(5,5),(6,6),(7,7),(8,8),(9,9),(10,10),(11,11),(12,12),(13,13),(14,14),(15,15),(16,16),(17,17),(18,18),(19,19),(20,20),(21,21),(22,22),(23,23),(24,24),(25,25),(26,26),(27,27),(28,28),(29,29),(30,30),(31,31),(32,32),(33,33),(34,34),(35,35),(36,36),(37,37),(38,38),(39,39),(40,40),(41,41),(42,42),(43,43),(44,44),(45,45),(46,46),(47,47),(48,48),(49,49),(50,50),(51,51),(52,52),(53,53),(54,54),(55,55),(56,56),(57,57),(58,58),(59,59),(60,60),(61,61),(62,62),(63,63),(64,64),(65,65),(66,66),(67,67),(68,68),(69,69),(70,70),(71,71),(72,72),(73,73),(74,74),(75,75),(76,76),(77,77),(78,78),(79,79),(80,80),(81,81),(82,82),(83,83),(84,84),(85,85),(86,86),(87,87),(88,88),(89,89),(90,90),(91,91),(92,92),(93,93),(94,94),(95,95),(96,96),(97,97),(98,98),(99,99),(100,100);




